{
    "X": 5.986226165677722,
    "Y": 3.754577195523777
}